Identifier,Surname,Given_name,Middle_initial,Suffix,Primary_street_number,Primary_street_name,City,State,Zipcode,Primary_street_number_prev,Primary_street_name_prev,City_prev,State_prev,Zipcode_prev,Email,Phone,Birthmonth
6069787990,Lopez,Eric,W,,17032,Brooke Causeway,Jamesview,IA,15817,142,Mcconnell Place,Raymondport,NH,72011,pramsey@example.org,+1-331-782-0274x7735,3
2356773011,Ramirez,Amy,,,947,Lam Course,Jenniferhaven,MP,66519,761,Fox Manors,Bryantbury,AR,55454,phernandez@example.com,(389)546-8304x867,6
4084702520,Klein,Joseph,A,PhD,74792,John Groves,Marymouth,VA,93026,8122,Simmons Drive,Thomasmouth,PA,90773,fostersteven@example.com,001-849-585-0578x5371,10
2507104168,Greene,Douglas,,Jr.,6695,Green Dam,Hallburgh,VT,97322,83370,Patricia Shoals,East Carolynburgh,KS,80495,kaylaharris@example.com,492-585-4886x26673,12
9133641356,Moore,Vincent,,,34052,Samuel Fork,Hahnstad,MP,81936,4217,Jennifer Ridges,Daniellehaven,MP,71284,ljuarez@example.org,001-554-516-5265x1844,1
7309979538,Christensen,Mark,J,II,6536,Patel Gardens,Barberview,MO,13259,5674,Wood Station,Courtneyton,NH,90859,fosterjohn@example.net,(718)753-4078,5
8106692662,King,Susan,A,,73669,Rachel Mountains,Haleyview,NJ,51654,743,Michelle Extension,North Jodi,NV,05770,jacobbrown@example.org,001-554-687-7850,9
5805226209,Yates,Denise,C,DVM,30927,Holly Valleys,Jeffreystad,VT,88988,730,Heidi Light,New Mindyfort,RI,36119,joannelynch@example.com,+1-634-910-3779x0754,7
1765387539,Michael,Kimberly,,MD,74079,Patricia Walks,Angelicaport,MT,23743,4588,Rios Highway,Brentstad,NJ,82250,pamela27@example.org,(936)583-0041x939,10
8372786791,Gross,Ricardo,,,4297,Mata Throughway,South Matthewtown,DE,13434,156,Kyle Loaf,Port Donaldburgh,DE,80364,angela42@example.net,+1-254-573-2432x9225,10
9025401978,Kim,Joseph,S,,662,Hayden Plains,Hernandezborough,KS,16029,7889,Shane Mission,Zunigahaven,VA,35992,kathleenpowers@example.org,(673)940-6469x150,4
6087627425,Beck,Theresa,M,MD,7372,Amy Path,Lake Aprilland,NJ,08682,005,Coleman Land,Christianstad,NV,27394,allenjamie@example.com,+1-879-674-3524x17913,2
8987039013,Edwards,David,J,,111,Christopher Ways,Lynnberg,FL,43045,94010,Luis Parks,Francismouth,MI,44769,david47@example.net,+1-871-948-8027x75246,3
8435939473,Reyes,Michelle,,DVM,6039,Carl Mall,Robinville,MH,76759,5097,Victoria Cove,Moyerborough,PA,58467,david47@example.org,356.537.1950,10
4994503710,Leon,David,R,MD,9831,Leach Extensions,Pinedaville,HI,74967,348,Joshua Skyway,East Paulmouth,ME,84276,barbarasims@example.com,624-644-1917,12
3653899257,Robinson,Patrick,,,686,Joshua Haven,Henryton,VI,73756,99094,Betty Course,Traceyfurt,MN,33925,bridget09@example.com,+1-443-533-2381x679,10
7696026275,Harris,Justin,S,DVM,7674,Blake Gardens,South Nancyfort,AK,87425,3353,Erika Rapid,Markmouth,DC,74210,lmeyers@example.org,789-236-1382,12
8810096788,Cooper,Daniel,,MD,9760,Sutton Court,North Mercedesfurt,FL,21493,295,Pollard Landing,Lake Kim,RI,31334,brightchelsea@example.com,+1-307-579-1432,4
4475195981,Armstrong,Steven,R,MD,903,Sellers Crescent,Port Kimberly,CA,69739,6979,Ortiz Forest,Walkershire,ID,85455,emilycollins@example.org,338-789-4479x2818,10
1773679696,Fitzpatrick,Renee,J,MD,3486,Maria Knolls,Port Erika,VT,35860,8128,Barnett Avenue,West Jacqueline,WV,96258,galvanautumn@example.com,964.366.7909,3
5645103521,Alexander,Mark,M,DVM,11991,Morgan Gateway,Lisastad,IL,60048,639,Scott Forges,Cookville,WI,17302,xmiller@example.net,2544495236,7
4485976409,Fields,Matthew,K,DDS,673,Pena Flat,Morganport,WI,69333,2434,Candice Road,Briannaburgh,GA,42955,robertrios@example.com,001-234-580-5245x5734,10
6498575867,Winters,Shannon,,,338,Anthony Junctions,Brendahaven,DC,97269,62090,Mary Passage,East Cody,HI,20204,alexander87@example.com,+1-733-496-8926x2188,1
8949440525,Franklin,Jason,,,868,Amanda Island,Christieshire,MD,12920,2121,Patricia Brook,West Paul,MS,62380,fguerra@example.com,(304)725-4580x44766,9
6197910287,Jenkins,Robert,,DDS,64576,Martin Cape,Port Courtney,WV,35058,632,Alan Port,East Kelly,AS,80563,perezlauren@example.net,8058343078,3
1209039129,Williams,Rebecca,L,,277,Jonathan Forest,Deanfurt,OH,69296,028,Karen Mountain,South Conniechester,NE,87364,robertmoran@example.net,465-758-6586,7
7990544297,Blair,Andrew,,,52274,Marvin Knoll,Cobbstad,MP,83158,1979,Ashley Throughway,Lake Lisa,CA,03947,brian07@example.org,285.347.3381,3
2162824029,Burnett,Chad,,III,07923,Gibson Trace,South Williamberg,CO,88624,975,Randy Grove,West Amandafurt,MO,11584,angel05@example.org,+1-556-951-9889,7
2150973673,Carter,Jessica,,Jr.,003,Geoffrey Extensions,Charlesview,NJ,78521,9501,Tracey Stream,West Eugenemouth,WV,85276,juarezthomas@example.com,001-899-926-7913,10
5814481245,Santana,Erica,J,Jr.,20871,Miller Knoll,Floresland,PR,86039,36973,Jonathan Plain,Meganborough,FM,50291,john96@example.net,924.212.2122x067,7
2259554657,Carter,Julia,K,Jr.,30603,Aaron Points,Lake Jennifer,HI,42710,527,Martin Ford,West Elizabeth,GU,90670,nphillips@example.com,(329)276-7694x3390,6
4456455221,Drake,Kenneth,J,,109,Murphy Island,East Randyhaven,MN,60215,31710,Werner Burg,Rittershire,KY,74960,yshort@example.com,+1-506-886-4444x86002,6
7556370101,Roberts,Kari,C,PhD,88369,Mcgee Skyway,Taylormouth,HI,60066,157,Hicks Green,Jasmineview,ID,71863,tiffany56@example.org,239-327-1514x27393,7
7368216630,Rogers,Emily,M,PhD,38726,Hale Burg,Mackborough,AZ,97809,566,David Alley,Stevenside,NY,15890,collinsjessica@example.net,+1-388-212-9865x95398,10
7695412536,Hall,Andrew,G,Jr.,4554,Nicole Lodge,West Troytown,MO,12949,700,Smith Haven,East Davidmouth,AR,99599,mreyes@example.net,+1-593-898-5407,2
7037230091,Patel,Derrick,,MD,44909,Ashley Ranch,East Karenborough,LA,64955,529,Bruce Glens,Port Christineborough,AK,23195,brittanyowen@example.com,(762)204-4187,1
9388403382,Pacheco,Haley,R,,12652,Laura Inlet,West Kelly,AS,72837,83176,Keith Stravenue,North Heatherhaven,AR,69880,rothkimberly@example.com,336.474.0904,5
5926361325,Rodriguez,Deborah,C,,81646,Teresa Way,South Charlesbury,RI,65038,3434,Schultz Rapid,New Susan,MO,59933,sandramartin@example.com,(758)312-5666x25343,10
1258639784,Thompson,Kristine,B,,6821,James Causeway,Port Brian,TX,52859,22555,Michael Knolls,Lake Michael,SC,91391,uvelazquez@example.org,863.813.4348x261,2
8091635480,Jordan,Lindsey,C,DDS,150,Amber Oval,Courtneychester,MI,12106,227,Combs Prairie,Sullivanhaven,MN,19845,perezkathleen@example.org,8953603675,12
1217658214,Davis,Holly,,,34123,King Knolls,West Joshua,MS,59004,22035,Garcia Valleys,Port Alexisbury,KY,26451,xmeyer@example.net,8485352455,7
6104703278,Graham,Fernando,,,03136,Roger Path,New Allisonfurt,MT,87753,877,Tiffany Prairie,Port Christine,IL,46809,joneslisa@example.org,880-767-4956x29589,2
4228610087,Hoover,Deborah,,DDS,00855,Ashley Motorway,Lake Kyle,OR,19853,23899,Ortiz Forges,Lesliefurt,NY,43325,michaelmiller@example.org,+1-533-212-5343,11
9118974941,Barnes,James,,IV,2155,Atkinson Fort,North Travisside,CA,45764,6451,Mcbride Villages,Debbieland,LA,10179,reillyjoseph@example.net,386-537-9446,7
5891755960,Key,Emma,,DVM,8398,Arroyo Trail,Jonathanstad,PW,23951,71054,Richard Courts,West Rebecca,FL,64031,tracy39@example.org,267-366-9611,5
5070461392,Gibbs,Joshua,,,4287,White Plains,Kaneshire,DC,49262,17300,Lee Shore,Burkeside,NE,96596,cnorman@example.com,924-415-1361x04911,4
7738523782,Howell,Brittney,P,,2017,Frey Village,North Janefort,IL,31236,31185,Garrison Orchard,Millerfurt,ND,95587,mejiakimberly@example.org,001-778-436-6554x0133,4
7671597556,Martinez,Amanda,J,,895,Michele Stream,Mendezfurt,OK,84533,59396,Byrd Points,Hoffmanside,TN,29754,vazquezjuan@example.com,250.251.0475x584,8
4601469441,Kaufman,Jeffrey,E,,8864,Kenneth Circle,Austinshire,UT,07414,39033,Robbins Lodge,Masonberg,SD,36217,theresa29@example.com,570-765-4192x649,11
3452409251,Gay,Charles,,,41462,Matthew Road,Michelefurt,AZ,07734,9037,Buck Crossing,Joshuamouth,VT,65134,isaac20@example.net,829.594.0477,8
93515098027,sYRiQYQoqAHHAcTdOhGTejGfAbbxjEqblLnAWPeFjBuOivoAkygiXbsXZSmc,,ykMHL,eHyoVOwZNr,MrklscRChOToFoUJYxsk,,RqzMRHYLubqLKQmMUNcpwssQGWXAvgSLmaSnmTKAKOWcKGFyHeHihNTmlQpI,wySE,vMF,dCpOLpcLhmYFViYfPODg,,AbvxDqaOOxGZwCMIXWPOtvNuveTHFFdwtbQMUZlVqDIBOYYbvfWDRUWujXqu,LXCq,bfrk,invalid_email,invalid_phone_number,28
82651207,vSZawfiSELXsxKRWCspCJPpBiiiKVHYKaKzfJefEttBKUuhBJkyCcLbmPcGJ,PUEYWuwrCOXsTKKiymZQbBbLYWMOjNlrdweZWsFZwPARRIKMcBUPBrSzUKVN,zttTx,hfQqyhrSSJ,hGlUeIEJuSgRIRCQCeyY,,HJsKJDGWPfsHYFnbrajiNLpLneqJTbuuNsQbcdBHBOsXmPykXiSayXmqYdVq,aUdb,MceL,WNIrVmqvPcIvLEEYlPwN,,ZbZYvrYcwcBULFcNqivyOAtPkCgEkInFXflAiQpgDBmfctDHDliZGlxpmqDE,qvdh,VxU,invalid_email,invalid_phone_number,95
43327227788,OhDcAdFTVsNIphLwZEHipuTgtlFwAvUDzcfrldzTBqQZsMQyeEXCqAejcwLr,,xj,SULLrGTMdt,Vu,,BfTAgmHjcGnDvkNUJnfkiFBPFYQCMwwqfzdOQqyJRHviOXxnGmYPAaEaXTwz,zoJC,KjM,Ve,,KPqASWRtZfpRJRUzqgBevauNoPLvxnYLvczzlmAxbasDKUHsgBlOODRRsMdg,Kau,CMUV,invalid_email,invalid_phone_number,35
36058077,,,FK,XTRUlfKrBi,EWRblfQYCZtkkkLAQBFv,,pPYScodezzIAZxDNytcEKWrsgQUbXAjSuFQdiMeOOtoBVKZoLSSxjTfOXdPI,sqtS,YQxh,RYVTVePDGUogqZPLMOey,,mHOyDDjQGtfXKPhZCOCBNgVgIyaegTkOQvJRmpWEkicsCqbrZIBngickOlEg,dXPQ,WDVr,invalid_email,invalid_phone_number,68
81975566,UXCLqvBJzPItACEZDmaAkDNayEndjCwQnwznLfztWCpjoIZlbDgEaCQsMhtB,SmyEoSNptqHdgRMWMvhcxPlonKbtuPrrArzinZxVBZUQSGwkRmrzJyikehTt,uyaUb,oOAqoGZVwA,CpOtxLVgBJSxhCiKiUgS,,mJOYNEhYNNyYCQiwLMZnLMJeZkZKIQVOolRSfmTCnTpLNWwTZyLHRxqpnTtF,XUVt,ACnd,rI,,OCsoGnfzVnXumPVxYnpEcxNMvfMhoUqZfeoFEXYGayWmAFEEzzjoDbkPxJlZ,trWp,fHOr,invalid_email,invalid_phone_number,93
86534512327,CuzbWiQrZgQVUuTmiNjkaXrYqSWFvSBezJfPBXOBehIDdkeqYOhQUjKnqQyy,,vUuOJ,hkiGWFiibA,SM,,nyJaAnoxQyqPcDsUewqDhsyaTjYNgcrwPyAowiGUxezHcKZniWDuuyjaXAvt,yooF,zaE,DutiCcYUhzNPXRlnoQpv,,dKOPRAuAkLLirjfHrAglHedJhfVVTlUUmpNHxCybjoKMPdTTJFUMcWbNLXiM,QCO,nKT,invalid_email,invalid_phone_number,88
44186575,,,aXUhZ,NGPsNlyCWM,bL,,GUGcFudxwnWUBAVqekClVsEGeJksabjNmGlUdkwrBowPHNIwFXNBAWiRGOoO,tpi,NZy,KN,,AuONQpHQLNWwIxhYTzewnwxJIdRufLQLbyEpKRrqChMhXxdYGNSPtWdcSFbH,yOn,YjS,invalid_email,invalid_phone_number,42
81409905062,,,XJTWc,hBjTjxaFry,mX,,RiOgKsFwPGKjpQBVFtfgDAeeLjpyLYlymWRCgkRaiHqflxNTyneoRRMbLOlM,DFP,HHO,RQ,,bfPfIzhujsBNdGJDxyDZPTFzmTNhjSyLaLTILrJLMdlsiLdFitKLoYLObImH,aRE,MgVI,invalid_email,invalid_phone_number,14
13156861,jggosVhMnitZjvhywqqnpPFfmxtlnbqNjhnmtNhLwoeQqtyxsbBzdJFoXfBE,,SROeq,ecTIdJjhhE,iVTBNXhlCSOEPqvqzGPQ,,KxIhVTOrQulXbpJnlLEZvYiKAjSeATNpICwzghzgfhkrjseYDzKQmKhqaCoO,DOe,EUSx,Aq,,LgVxXmlbdVPkzJdfOODUHFIQBLABHKzgoPoiInWCETHTbgSkboeuighehTqt,mme,Wen,invalid_email,invalid_phone_number,99
98413604744,OgddjnjkKBcjEBuJtJzDgZQmrSHotzcXjJBrfNamGcrnmoYlSfzbOTzLMLmq,sUdisJkiXjCFKcUNhxWAezReOUbkfQKhcjkZiwRYLOuUlTVmSdymjkivmBLB,eoHez,nespxOykcO,UxOuQgSHRoJsUzkhWYBp,,PwyWZZUgFLvwXpYGHRGCSrSWCaVCzVUGJJbnjvgxDvomZJvSVgsWPHZcSBXC,MdpW,yMVC,ciPgZEYfRcdQBMdskYoV,,JuyXVnlOVXcAMNihmtsIQZvhKkgvCfnQcRRDSXZXtJjbQsNUidkofGHyvnZm,FwE,pSUd,invalid_email,invalid_phone_number,28
11066049559,,CPMXhIBNNcloSLgjaoBfmMoYQcMcRbTTrFrzYelvOpIEBLOdjjKdMvpOpOIW,Hf,KjyugHvULP,Wh,,RjVMGcJLJMdcCOGQdUyWrsciwtBYlykBSsbgyggprOslZpUyTymjuqBJOODS,yMWa,BMq,nHVAOHuNnVBanfSJprca,,WpCjduzevvJTSxhGtOUFhtpFaIEFSUYpvThNZfFTqMQhOlnWUgFgqkoWTJfs,emC,RQxk,invalid_email,invalid_phone_number,26
30808108,SVUXqxGZvdcLIrDQezecSNHVMnfFHHViWgeGnIWRejksjxJISrhMZGgNrPrq,,ok,XlJfHbQTmq,tnKrnzEvEgsICQJOrNrl,,WGEVZpGFBCOrIIHALxQMSbnpFNfOMrFdNDGGfMynQdycNEMDuvOWjNvhlubx,mdrS,ozQ,PI,,jnWDvDSegZQueewcBPZYBlTRUqqaBsumZsEgtcyHmLQhESJUVblkksoVOcUP,tvt,cviC,invalid_email,invalid_phone_number,53
71363151139,ihZaltJWneoVRqpeVQidEzAgraIBKpllAPwHUtbJdLqcFRBbMfqhtqTfIqip,,sf,xQTsSRMAxM,eglDpIJrwiQXVcwAIUcg,,gFwsYdMGbezqEjpcsrenWmbjwyEdlzzspeNQIHddzIhilZJHSAmucnThmLgg,bGER,nngd,GL,,EtLkyyZZhVQqpIAnenBvaKiBCnMcwefRUPKfpckFdUgwaQWEzsOsQsckpqsc,IHVO,WuY,invalid_email,invalid_phone_number,33
68019766080,IFYgNkHOuSxZUdobzoeKdeCclFTRMFMVGCufwzjMDfUmwBwPZIebpUHEtXXR,RyEYeZkCquPORtNZjtmGHSjXEZBapxNXmCUqstbioRyPTEBsqhtEWlbtnWvO,NGsEm,WSQJJyUaxQ,qU,,vZVxFPtoyoLbdcXEwvODuhmdziylTImaacXtSMkSDDBFbKUXXygMuqdiFEax,sKvw,FOWy,zE,,MZqkAHyVFLHuhRnmZsnWcXTiZmjafoAgHaxEevqDOwYvqZtQquKcTjMVjOxB,SEC,xsT,invalid_email,invalid_phone_number,66
25520311,WMjYfzEZTGwVAtydBEhsgWvgYCuOEpSjIOLzsWIoGAWUcMJucgYnvveiFmkj,,GJxyI,DbjXiQpyQJ,aApnXjZRznKIhnDtNOeF,,xnXyGqERJKuJBtnhhIhKTtFjmlEjBRMNFcriqlcUQMHmtWAyAmAJHzGBXWVM,hPPZ,DUy,fRKJeXofUxgNzESVwLwr,,NIitekscnZSyJbIWVfwiIylTfRdvxOdbWGsgvPvMlKGpVpiQPTDfpjANibLF,cxzG,tQc,invalid_email,invalid_phone_number,57
99188017,,,hKYYX,YbJeKiiRhE,FB,,nsMAoXdZwmeVEKJivaXKFVnynIGNuvrvaVZhXiKwMloyzbqgxSLxtluOjEWt,WBdf,qse,Fp,,QZYfWghabyTScycixdIiVYVNCzckYjuOGGnnKTrGzZVnnySmwbAtEKtUkXLj,HIJs,Ogx,invalid_email,invalid_phone_number,58
30434085102,,,KkvRr,rZRsWbqxGJ,IizSbDDTHJlOEVsUanZH,,BFCQRDyFvHdFSFlNXsUAjrdMwPiGIKyPoANmDKqSgCyeFDYnTAHTaoEulqZe,NVx,zenT,Er,,dWGxOCleczFdNyHoACQNGIQhHuAROBYgWsGUmXCiNoaFiZSTZccwjUGHuAsV,ancv,entl,invalid_email,invalid_phone_number,74
26890588,BebgkfGoLbBKuePcGvCaPyvpvklUsabvfkvEKhRNTyxVSdLSOSjoLnVJkiJQ,,Dp,sfFUjJAKEj,IlXkacpbZdcfOvezwjcE,,upooAhmSKuygsLcPXOeICPpNpITUzdiXFSPCwQmUbxAJNHcLTzuLoNNUeXNC,DsQO,PZLS,HjshFzqiOupNipPhSIdm,,XDQGOMeIBBeUdNtYlcIcZHlBxxUZPjHZUSEERrGKWMhBaOMUEdNcyuoyzyIX,rCR,fwv,invalid_email,invalid_phone_number,19
69108148,,FIVQpBzfMCKbQePPeGzFgZjXdHsekNRfUdEVKkIqAGxZzXcIxAAxnDiAvFlk,eMULT,ajgyDmejKm,jWtiIajACajxymdnqdnC,,luvvHriMKDkciEKZphhIsAKTbOVKVtjPxnDuucqwVyxjaIevJSLJOvipezPv,SQFe,Xcn,XCkGUcznPJgswwexbpoY,,aXtBUVBuNbIBldsdLLPUbQNwDSPXpBLZTcAZuGguXognRqPEfkrthaHHmLxw,MbGD,ryiM,invalid_email,invalid_phone_number,78
46765940,,FolvfFvnUYRMKayapdkjYzeLgrpmFJvGlEHfEHrlGFcTpjRiptBepOcwGvWr,dUiXm,hbizYgYtyR,jG,,GGWvMYhwnSWQVKkjTXovSnsbXWVlzcSFUeKFZfcDfURvJnmOsNwnRmFGNrkF,ZuwQ,zko,iF,,nPOyBMHobFRKMMXRhGxhsrjaElyGkRRprMduXakaLniqcvmmLetYbSnuLJjM,brK,KTt,invalid_email,invalid_phone_number,81
62796378,,hpQXqcpKkutGAqswxwHkdJiZojJNpdPDWuVHCsAtyARCjQleSrXookXEFryC,Aj,yFevxBLjda,ssNtfrmtGAYPvTSfczTr,,vAQSXJTlNmGnxlgpPvgDcvKaHRiLvyraSZDWePlAkrLiUlBWomtDRVHMuTfL,FYv,PbJB,pRNYUUBrgsCgGHUVjrBr,,KwfCFLrehAgCyPZPrnGbxdHJrXbNEKixNMBXXUxuXaWmpLhwNSTPkwTDGwAF,UVTf,Sdv,invalid_email,invalid_phone_number,40
90388832,iuQZyoxggeOtUZINEWbtzkcNAAkIGGRYVozahlBHPJaJmqwqujFLAzJNBCjC,SfczzoyAOpCmvmciEEwhLxVlxMXhHrsYOdBMkeQROHgiVzpFCqVpdmUUxFnM,xTfqB,YmtfJdvnmM,WHcyKngneqskliqfsmZO,,mcEkZSKgluLmsGIgckxwTskEWEmexKFmXGmTipIyGMiuBXkZossakKSkaKOl,eHnG,Rsts,Mk,,sntmiIccvvYhOdgHqSZMHjwbCtSyAwfTvryqsBmVeDggzOycUQAKtmsvUVTm,Eux,YzPO,invalid_email,invalid_phone_number,34
99818735,sIivoDkqXrCCMJenjfmNboNTHXLENBpJlLiHYINdpGSWQacpDMxFSUrjNYII,,FIjuq,QfgFuIHvxq,LUCZRdrkayMVdQpVexvF,,IPrshsZDYjEfjbkHzeOYUEPvgVXVZutDqmekIpShIBaAlTfADBgWxfkXbSjj,UqSF,lZq,nc,,opqGbygSfnAbCyoWuChBKBpTCLIZJzjlTtWhauzqyayJvDmbEpRhKWQeSCoe,pWe,ICWy,invalid_email,invalid_phone_number,56
71580821405,ZPwYAFgoTQPEzbbIHfCZbMSMqGtJbhOUKEjZhHQAcnQqevOFmZjqpqpXCYvb,VVFGMVsJOXrhdrfVvCBDwBGkXoFEfXuRUBaInEbsYsrzICZBdzWxeTqMrnXx,SBgoH,FPkNefGFLc,BM,,RZZNJXAhPvvShHyhWuZPyzPZMxWwRcsQoWJJfXlqCJENHdQjHYJtYimUoqbg,ftk,DjQH,Gb,,lkWMOAwmKPAMwFzYPavFJsEiImuLOCvLkOVluLEdKnMvUYZFWoRZpbeynFCa,wRA,NOFB,invalid_email,invalid_phone_number,36
72040567,,,abOqG,UUyfKjLCPr,eZ,,mpEPCNakjjVhqqZEzygAwCragenjModVWSUHTzvfEgxYsJmaXrWPkcgnKqNQ,kkOn,bqyA,RsbvjaFuZBIQcNoGbCmv,,qrXcwucLgHHRrIAvJaOVNxlhWoFMQgJFpxTjJGovEBxVwFGifHrzkwQXvlJn,Vwcq,RZKi,invalid_email,invalid_phone_number,36
13948864,,,Hc,dBGLCqIikD,YtULZeaEACtzCPvaTxHv,,ERdBKpOwBrGxoJxpojwJzbJDYdrdXprcBuIfcjVwtrldZGFPxvdZSgWuYUmB,XfxK,CfO,NiNCFuYckDaNAnwVJGsj,,ZNcrerRbKpQaEaowVeUonIWpkfReYbhATkHyRlkQVWNpHuDpThqVXujKIgGE,LByv,Afe,invalid_email,invalid_phone_number,90
72726298164,IPlPuqJTEQWLxBSSnezGfbYDYmdUHERNVScpcUaydmfbpGcRdjQDwtzotqud,,shkyy,NenUasuYOi,TAKXGdhADpbwvpwFMkIp,,heVXIUIyDnqINxkTprXqWWVyTwDbTucJxewtyYjfaVvWKNrsDKNygROOVDQg,iZgt,RDD,ac,,XKoPbSHvUqgrwvpxUwIPdysfvrfhEcQRrNIbAsUIyYeNJpnJFhJuRfnOnBuq,hclI,Ynnr,invalid_email,invalid_phone_number,71
33574646,FAHcOqfwPOgeEHofofPHyisQWkqGXXpwFUYjveVKKsIncjIztlykCEWBiEJv,uqsrosQRjMBlmxtNaywatCTPuMQYyEnIyDcgvDcqIrRLOkydkLgKhgwAkZOJ,hG,NPIwwMIkyS,OZ,,TYSmCRMivWzdsUBddVfqjyYfhpgibdpmFArzznqRZxdHVaiYTHDWIuUVlpgS,kXo,iBxc,HllPVpVCwTSZcFcSxnDt,,cQaCmvUdbvEkeqgdwYBkeMCINAaJEKkeLFPxCetsLAIyRyfeJMEQRBNyHRYg,zQUb,BTIK,invalid_email,invalid_phone_number,36
95916200417,bqUAKNpDbfEsgACUqMphiTYwmoKbkksbuTPZqQQcPsNfRnhDKrIGgfVrYwQb,,IZ,qseLHPcNXM,Eu,,UMtzaoRewiARpMYJiIAsjuRCAAGWWFlapEDRfuJqiwsvpeZyDMXMyXfNAhEJ,QYGm,HkMs,aI,,IbZSCoUVzbXbyWpiSZcylywrykZLQSLBXfupkOOJxfzOPxkRdvQJpxECsokT,bSl,UzYo,invalid_email,invalid_phone_number,47
17368755,ChwSSeMDKlZcIoABrgYbquMlFUIGsqQUYuGGBMemaKXnJxnEfNeSheHJVQAa,,EUIRd,sMQHZxnYrU,IJPmBRbYftKKmptvfBik,,QaFhqEZqVfsutSZgiYlCleZcwVAUOredqLQzRBTgtwvRVvSrwEtiQxIsQJQq,vhOx,TmA,Qs,,aHgFrfuWPZjHVXgqQFGpweFZqnlsDgYrmIzWwaZCKrhxLwFqdfYJyobLAtrw,HQOr,GsC,invalid_email,invalid_phone_number,64
38881476301,PfzgjeLrUmkmzjWyLgpORYbhTntSdffvVhagqaRLnypZcmjzyxyxDrvspxRZ,KSdNtRUgbZLdTlAHXIMuXquIwXZgoaDAuGvvjHgcsntVZWnOzjLVfUUOFibc,XR,BHRGCQroGc,AN,,TjBqRJYxxCtltMlQRtFtrradvVpDbzhodNEkDxHeJqvRTOywZXTWOubchwJE,ORt,wGm,Ho,,RRFEuujgNpYVSiclSwbPwmLIGPnOSbJgfNBBXMbeYRgDMwFDTeGuMHmvcrdP,Beb,cUb,invalid_email,invalid_phone_number,45
96570822924,,AvUUJHJDRJAubpOmYCzrYufZAFyTMQgyRpkxddWoAYdmKIqursCrjmqVIMaz,IjzSO,iNxOuMTajr,ULkBZLqCXLWTVtrMGbZJ,,ouusWzwrKHsAfytUcxWqPQOrxSIQUJsOkeKsOuaaxTqagTfEAqIgUwVXGWVm,VhKj,EOH,Sb,,yRdKhNhRHgEBqulwJDNnLMPAbOdJkKjRCskaWkrcxLWdMkhvMawvfYskTmyw,FmHB,LRFA,invalid_email,invalid_phone_number,94
31971317122,,VzFiQmxAWQMGyTdiwbPywoqRIXEuGJhTHGOdzPChwsOahrHAJcJAbNqhomIw,LLQQN,UxwFQhVgGa,Ff,,pdXudMCdENIDzmGSvRRQuAJkegHhZxHXkfsBfwVDYmxdJCkovIegZgBsmHfj,Oqf,cqZ,uaLUwfrCvKAKjLYGaiCF,,QMDonIAjzMrHiEZHGihyEQYWjmodoXixiRamTZoJaLjuetHuaIBZHswzbftH,pZv,KhhY,invalid_email,invalid_phone_number,55
16913411185,,FrLbyIUjrCntNqhByKUZYjuKaAXTvvwZzwnpawZbSbKPJBGzxkNkAhEzsxeU,dj,BwjYNYFBNs,MF,,VYrOntMRYycVEyKgoyTnSUVclNJaELcDtPBGlkRNjLAswDIRUVJnpHuhhYGb,xaX,TtXN,FR,,BxpiRCGpAobuRJrsAWxcgNULKgpltylGmlRmVKpDNlZytlMLufcYUFkdSTpW,wAO,CGJ,invalid_email,invalid_phone_number,73
97830714147,,ZKBcfSCyRAYSfFIMZhXFCnHboxRjLkDBXWHRfhGUYEJWnAkpDOxvBqERtMdo,PaObi,fVHfZNoSvF,QCWPoyGGsWSfyOPTUodv,,ZoARLvmuzTlEnYEGstvFmlMqnbLoRYVLufAIHqVeVZEbqLkGKvoMHFMpPRIi,HYit,QnEw,iCGIcEoVqdQoHmkKLqyd,,WpiRJrbZvIDYLJlCzwazaiXYqHVmAkVjBUSwGJWEQBmTLZDTMxgOgOqbxqKP,SSG,ccBr,invalid_email,invalid_phone_number,30
62458944,,,pEdax,uENRedaGVt,CqRfFhObABJxTFnFhxeH,,biuhSgjbHFRGvwnHXRkVCwYqpLUqbImapCcSxDApVmEBtzprdHXVbncWHjVt,Wljh,TFdM,ICVVvtDZhFsaOnPpVrsc,,WLRFZowJWNTfPqIFzpJijfKfjbFFQKtBHRSCBvqSMMiAHEnnsWDTONefWDTd,arS,Vff,invalid_email,invalid_phone_number,73
69132867,GVxvtwNSribWJkPdIRaJwavYkMENoyeaoLIDwxMeHyzkVXPaiKBVdzukMgSf,,wn,oTnvIHTYsI,JT,,OPlxcaHyLpQDmKlynZRLAkdcNKfhCPBdfuBteyeynvfvRSZtINJfTDkjZKCJ,bLZ,rtA,tI,,yLbZXTQEiQmTzqrtcyCvJOCHkjlnKnqYCAPWyuHLovlpaXMucMXjKiLhVwsc,NAhv,nfZZ,invalid_email,invalid_phone_number,88
72011620,,DyZYHSKmNoUIfruHLUWgoJjtunZmmztXNiNLwpEiEyedIExUHwrxLUOJbFKX,qjRoH,BsojRWOAKU,EhAUTeuUkUJOQhuxhzOd,,pTSANFEAuDrsPKLFlmVtuzzUhrHxIpurTNLmxWBkKypWyRpywQliYSWLsCvM,bUjm,Xfy,Uq,,bFnngYPWDECsMDGEcUofdZBNPRdOIVXQdwAXLjAuRseqtKxDOIZRybHVnSXf,ojg,dxZv,invalid_email,invalid_phone_number,71
82571619076,yKOstVKsMTlpPWYaPStTHpxLLJqJBhDEzpOwunQfGdhIAbkJjjojKJnFNVyF,nBVdLjhJuWgWkduusySaDmahiRVUPxpVKcPLCxznAgPKntOVwXprujDJuffm,QX,yHbclNCdBp,otBZEwBXxZNjFtCjlmwl,,PFRZnxpYCfizgklzPJsCHqBlMbYrkugbOodCAQdEAvHwIruuHZSrVquNRhBY,Ffza,MuO,nIGQRpKiNiJuVuXZxsek,,HVYzNMfcxeFrFkdRUUopoVVDgBTRkXitdHiTJQpvCEFUffAHrlqhSYdAEpBG,nAze,FxR,invalid_email,invalid_phone_number,66
12955861359,IEvUtIlJivUImggKzkyJmuVCgaCINBimuTlnJsYAqOEhqYhSUbuoOvqswysT,auOHWEXuslXztaAeCBLRBfPtKehsPPSgqGbcQDEdyKcqNzPttmnKSZkedDxI,vj,qwRlSPIfXT,IG,,VQQCssFePQnFocetqGRIjjjkquLPmhIGNJbeOuYtbxUUVnyECoMeWCIQpufo,HCa,USOh,OBbKAyKevXUffDRUrvVq,,eHCHjmscVdbNJiZHFXwESnhcRPvhhxIVmaNVKmrACXcvOkQzqpWSovdECxqP,raIt,dYOn,invalid_email,invalid_phone_number,72
14174335530,lLujpapbHUEIaWOossHwZSLUAyHBkARPeFzXbhRYNYrYyPWTPOTWyuVGbKYt,NslEwHiOUdHzImbLMVAjDaloqTTGTjtwogGaMbyVmdsXfRCVSdLKaNwmXuXc,dH,ILgYDerEmD,lz,,RyLSDtviDydRewRLvwFqelrMCBIVgyuswEDdsqcbFkkJrPGQpZSKSnYXNpsN,TGu,BgL,otghWXneIIhJmxMwLevn,,RXhPTBONOBTlBcJASiEbucSEPVgXzGIgjJGOZkrvIuWhcFBixlnyWAQeYBjz,ZCKt,UgeA,invalid_email,invalid_phone_number,79
20355491277,,lKDTTwJIpGzhwnhnAONlTiyYeyZBpArgFQzUtAHmNRttbMLZVTyVejZJBVAq,xEsFW,JoijGgCyxu,TM,,sbyYCDeMvcxXJjnftEvmcKmfEjBnoRVPnmoAXKkwqqQENBXbUlQZdDKkEnJR,Qsi,WSN,Ka,,cWeDnJzUGvIJNOGJBHDtstwSOStRWJYiYJJoVUPaOynCgVAfjwcoVWPzJXMD,cbWz,MCJJ,invalid_email,invalid_phone_number,86
23548341805,,,FZ,YLhHbofShJ,ruleGuCkmRUlBLfmrkGj,,ZgdfFzPjQhlqMFxVueLQVUThIhkfBvXFVDBTpBXqckMHIKhoevdnKyftvtXP,LCY,FUTH,fkQzOZEMXazpGhQBhkPV,,VcjHRgEvJNinOZegYZPGDQTIEJBDNJthDojtNANbRalkatXcYLmVvVnrgyUF,OiK,ihT,invalid_email,invalid_phone_number,28
32205707,,mBksCPgKkrlPmzzjKsLRjNxnwXtnMzYopbqmNCPiJhIAGVzYbaEWyvYPLIzt,gl,WmnkdQelUe,Yl,,IEjByQtTbNBmHfyKFKKqoFZkDRciEqvVUGEdFcGvEWOMNKSZkpgfnYiisWIL,jTjU,MVDQ,Yo,,tfuDEFqVmZeiHBGoNGijoGrkjKYTjABhqqKnZxVjLYfIgdCWXAUYpJUXXaer,fWlf,lac,invalid_email,invalid_phone_number,22
91941411406,,,ZoHJc,qbufVOcLCo,bN,,EXDWcQePVvBwFBPwypeonFRelYjioMoKLNfoVoqOfFPKwrzuYAdpXIhErLba,ezG,bXC,AiEaYmxIcaqkiQWesuzN,,BqujSxtwswkGwKVLICPVeBAOytXfrGXropPQuUtUSvhmmnanVsBAPgVRAlsr,vjYH,ORqY,invalid_email,invalid_phone_number,82
71906171532,,USAAIFpLgezBNVzyMtsjaIbfaVnDOnCBPNlsRTvfrpVVgZyfiAGDTVqSgBkC,AU,lHmEURKClL,GB,,tUeAqugqzeOJmqXgCwVaqCHCwnaWUpqSsByVmcLFVyBZNzVqASwGSQRlAQlK,blu,ESb,ZD,,VUIQxjUPXwdLtCUzxLpocqUSXALhMqbVaDznGvZUPDhRhOKileuPrMFcDahP,FrI,ByAM,invalid_email,invalid_phone_number,97
83606635,,mkdUPNHcpyxKjAerqhYsjbxpAjJqJDasQQNCHlvcYKGsIOOnEvLUqeHForti,TnfyA,JzzzlYBFSd,Hn,,JzFltVBupHyWHdobAiOiIpWssdAmKOyGbcrXAQhoZgmzCELTVJdLEXmnTlzS,XmVD,VwsE,XL,,qlUuPOQfKMpYGpapHsTIJYBbopsGzuelfKbcgttcgKFmhVuUsPQJbFVicqSg,rhi,Bhjn,invalid_email,invalid_phone_number,50
99127659,,eVmcxLjXGmNkNGBblkWcpYXBVFBSUDAjwXhgvXqgTCKSZazMkRZUFgrQgwYT,xG,yVVEraWZEF,Dv,,BTvHcjsEkBdyhJVHvvKNNLVyzsVJtpczxJDjOfPLUgiFLUtDGNggzeIkElkN,vwJ,XUS,IX,,MvaOVxaUyzHbUKsUTioFQndXaeaPDqkzoFtShLhgjKOcMcXacFTWIAuTnKjE,wTXa,wIR,invalid_email,invalid_phone_number,31
14930703800,AqaIhFuwPVYYveCyHQLxhsDEoFExxTxwjtHvsMMoZRTcOuJoNHaUqlOAmmtc,esHgPFyUmOOOGNmiLFVddIYACTKZGJOXEzrqfciRINmcJYTotNhcojCMDQtp,Vj,TIERoJZeLh,ww,,hHpgKAcsUkCHGNhbVANShvBhHxkuGrCQKqGkTjWsWjoXzbQxOtHirgUocVct,DrVu,TRCV,FcCFsfPSAXyDBBIUGIab,,dORGzeJuLKVQpEGazmXkclqCUusXQNYOsbSwtpdVxCZwTtagGSqVhTrZRwZh,uwB,jbg,invalid_email,invalid_phone_number,46
64151981,JuufeaCDuFICbpLTnaQeCbIdwgJlxLSYSQdiCDZWxfQZrKgutvactRngeYSn,aSXZLoxBClrIQwwMsPfiTskVocaDWYbbuZDpQCkSQxdUcjxcbNIfjqpFraXv,kAQke,vYTaoOXCYw,fM,,cfLlipMtyyuxyDiHhYnpaJPXIAJTHtbVpYsrkjBfIugtNYzBgRNBXtXdjRpH,tGoJ,hWgS,Fx,,tAIapGHQLZNqFXheARFpUtstUkUXVHzlCOBLQyxjzJTyTqYQUwtQLxYpKZVU,plHo,epUF,invalid_email,invalid_phone_number,81
